Channel,Participant,Meeting Date,Meeting ID,Question 1,Response to Q1,Question 2,Response to Q2,Question 3,Response to Q3
#general,Zay Htet,2026-05-01,417921,What did you accomplish yesterday?,Midterm.,What are you working on today?,Discussion posts,Is anything standing in your way?,n/a
#general,Patrick Chung,2026-05-01,417921,What did you accomplish yesterday?,Set up project and meeting,What are you working on today?,Standup meeting,Is anything standing in your way?,Nothing
#general,Jared Rosas Romero,2026-05-01,417921,What did you accomplish yesterday?,Complete CSE 110 midterm,What are you working on today?,Particiapte in meeting,Is anything standing in your way?,NA
#general,Nick Mitroff,2026-05-01,417921,What did you accomplish yesterday?,"Studied for CSE120 and CSE110 midterms, reviewed the Beads project page that Patrick linked",What are you working on today?,Lab #5 for CSE110,Is anything standing in your way?,"Since this is the first startup, we don't have any tasks to do yet."
#general,Jayden Xie,2026-05-01,417921,What did you accomplish yesterday?,Finished midterm.,What are you working on today?,Working on lab 5,Is anything standing in your way?,n/a
#general,Jaylen Cun,2026-05-01,417921,What did you accomplish yesterday?,I took the CSE 110 Midterm Exam,What are you working on today?,I am working with my team to plan for a project,Is anything standing in your way?,N/A
#general,Lisa Tran,2026-05-01,417921,What did you accomplish yesterday?,I did midterm yesterday,What are you working on today?,Meeting and planning on the project,Is anything standing in your way?,not right now
#general,Hien Tran,2026-05-01,417921,What did you accomplish yesterday?,I completed my midterm for CSE 110 yesterday. ,What are you working on today?,Doing research about the project’s prompt. ,Is anything standing in your way?,Other’s classes work
#general,Ava Emami,2026-05-01,417921,What did you accomplish yesterday?,Midterm,What are you working on today?,Project planning,Is anything standing in your way?,None
